"External ID","Display Name"
"__export__.product_category_1","Industrias Donsson"
"__export__.product_category_885","Industrias Donsson / Lubricantes"
"__export__.product_category_886","Industrias Donsson / Lubricantes / Local"
"__export__.product_category_887","Industrias Donsson / Lubricantes / Local / Grasa"
"__export__.product_category_888","Industrias Donsson / Lubricantes / Local / Grasa / Otros Grasa"
"__export__.product_category_912","Industrias Donsson / Lubricantes / Local / Hidráulico"
"__export__.product_category_1109","Industrias Donsson / Lubricantes / Local / Hidráulico /  Dinissan Hidraulico"
"__export__.product_category_926","Industrias Donsson / Lubricantes / Local / Hidráulico / Ingelub Hidráulico"
"__export__.product_category_1104","Industrias Donsson / Lubricantes / Local / Hidráulico / Komatsu Hidráulico"
"__export__.product_category_913","Industrias Donsson / Lubricantes / Local / Hidráulico / R Y R Hidráulico"
"__export__.product_category_892","Industrias Donsson / Lubricantes / Local / Motor"
"__export__.product_category_916","Industrias Donsson / Lubricantes / Local / Motor / Arcadia Aceite Motor"
"__export__.product_category_1053","Industrias Donsson / Lubricantes / Local / Motor / Dinissan Aceite Motor"
"__export__.product_category_1087","Industrias Donsson / Lubricantes / Local / Motor / Dismacor Aceite Motor"
"__export__.product_category_925","Industrias Donsson / Lubricantes / Local / Motor / Ingelub Aceite Motor"
"__export__.product_category_1103","Industrias Donsson / Lubricantes / Local / Motor / Komatsu Aceite Motor"
"__export__.product_category_941","Industrias Donsson / Lubricantes / Local / Motor / Colfilparts Aceite Motor"
"__export__.product_category_911","Industrias Donsson / Lubricantes / Local / Motor / RyR Aceite Motor"
"__export__.product_category_893","Industrias Donsson / Lubricantes / Local / Motor / Otros Aceite Motor"
"__export__.product_category_1086","Industrias Donsson / Lubricantes / Local / Motor / Swisslub Aceite Motor"
"__export__.product_category_914","Industrias Donsson / Lubricantes / Local / Valvulina"
"__export__.product_category_917","Industrias Donsson / Lubricantes / Local / Valvulina / Lubritodo Valvulina"
"__export__.product_category_915","Industrias Donsson / Lubricantes / Local / Valvulina / Ludesa Valvulina"
"__export__.product_category_1090","Industrias Donsson / Lubricantes / Local / Valvulina / Swisslub Valvulina"
"__export__.product_category_1089","Industrias Donsson / Aceite Usado"
"__export__.product_category_990","Industrias Donsson / Aceite Usado / ADMINISTRATIVO - Usado"
"__export__.product_category_1125","Industrias Donsson / ADMINISTRATIVO - ARRIENDO VENTAS"
"__export__.product_category_974","Industrias Donsson / Consumibles"
"__export__.product_category_980","Industrias Donsson / Consumibles / Empaque y embalaje"
"__export__.product_category_981","Industrias Donsson / Consumibles / Elementos de protección personal"
"__export__.product_category_996","Industrias Donsson / Consumibles / Moldes"
"__export__.product_category_982","Industrias Donsson / Consumibles / Otros de produccion"
"__export__.product_category_975","Industrias Donsson / Consumibles / Dotación"
"__export__.product_category_977","Industrias Donsson / Consumibles / Elementos de Aseo"
"__export__.product_category_978_1","Industrias Donsson / Consumibles / Elementos de Mercadeo"
"__export__.product_category_976","Industrias Donsson / Consumibles / Papeleria"
"__export__.product_category_1095","Industrias Donsson / Descuentos Comerciales"
"__export__.product_category_1055","Industrias Donsson / Desengrasante"
"__export__.product_category_1056","Industrias Donsson / Desengrasante / Local"
"__export__.product_category_1057","Industrias Donsson / Desengrasante / Local / Desengrasante"
"__export__.product_category_1058","Industrias Donsson / Desengrasante / Local / Desengrasante / Tekquimica"
"__export__.product_category_709","Industrias Donsson / Filtros"
"__export__.product_category_1066","Industrias Donsson / Filtros / Autoparts"
"__export__.product_category_1067","Industrias Donsson / Filtros / Autoparts / Importado"
"__export__.product_category_1068","Industrias Donsson / Filtros / Autoparts / Importado / Aceite"
"__export__.product_category_789","Industrias Donsson / Filtros / Autoparts / Importado / Aceite / Autoparts Aceite Elemento"
"__export__.product_category_1062","Industrias Donsson / Filtros / Autoparts / Importado / Aceite / Autoparts Aceite Sellado"
"__export__.product_category_1069","Industrias Donsson / Filtros / Autoparts / Importado / Aire"
"__export__.product_category_790","Industrias Donsson / Filtros / Autoparts / Importado / Aire / Autoparts Aire Cuadrado"
"__export__.product_category_791","Industrias Donsson / Filtros / Autoparts / Importado / Aire / Autoparts Aire Elemento Axial"
"__export__.product_category_792","Industrias Donsson / Filtros / Autoparts / Importado / Aire / Autoparts Aire Redondo"
"__export__.product_category_1135","Industrias Donsson / Filtros / Autoparts / Importado / Aire / Autoparts Carcasa"
"__export__.product_category_1078","Industrias Donsson / Filtros / Autoparts / Importado / Combustible"
"__export__.product_category_793","Industrias Donsson / Filtros / Autoparts / Importado / Combustible / Autoparts Combustible Elemento"
"__export__.product_category_1137","Industrias Donsson / Filtros / Autoparts / Importado / Combustible / Autoparts Combustible Otros"
"__export__.product_category_794","Industrias Donsson / Filtros / Autoparts / Importado / Combustible / Autoparts Combustible Sellado"
"__export__.product_category_1122","Industrias Donsson / Filtros / Autoparts / Importado / Enfriamiento"
"__export__.product_category_1123","Industrias Donsson / Filtros / Autoparts / Importado / Enfriamiento / Autoparts Enfriamiento Sellado"
"__export__.product_category_1097","Industrias Donsson / Filtros / Autoparts / Importado / Hidráulico"
"__export__.product_category_1098","Industrias Donsson / Filtros / Autoparts / Importado / Hidráulico / Autoparts Hidráulico Elemento"
"__export__.product_category_1065","Industrias Donsson / Filtros / Baldwin"
"__export__.product_category_717","Industrias Donsson / Filtros / Baldwin / Importado"
"__export__.product_category_718","Industrias Donsson / Filtros / Baldwin / Importado / Aceite"
"__export__.product_category_719","Industrias Donsson / Filtros / Baldwin / Importado / Aceite / Baldwin Aceite Elemento"
"__export__.product_category_720","Industrias Donsson / Filtros / Baldwin / Importado / Aceite / Baldwin Aceite Otros"
"__export__.product_category_721","Industrias Donsson / Filtros / Baldwin / Importado / Aceite / Baldwin Aceite Sellado"
"__export__.product_category_722","Industrias Donsson / Filtros / Baldwin / Importado / Aire"
"__export__.product_category_723","Industrias Donsson / Filtros / Baldwin / Importado / Aire / Baldwin Aire Canal de Flujo"
"__export__.product_category_724","Industrias Donsson / Filtros / Baldwin / Importado / Aire / Baldwin Aire Cuadrado"
"__export__.product_category_725","Industrias Donsson / Filtros / Baldwin / Importado / Aire / Baldwin Aire Elemento Axial"
"__export__.product_category_726","Industrias Donsson / Filtros / Baldwin / Importado / Aire / Baldwin Aire Elemento Radial"
"__export__.product_category_727","Industrias Donsson / Filtros / Baldwin / Importado / Aire / Baldwin Aire Otros"
"__export__.product_category_728","Industrias Donsson / Filtros / Baldwin / Importado / Aire / Baldwin Aire Redondo"
"__export__.product_category_729","Industrias Donsson / Filtros / Baldwin / Importado / Aire / Baldwin Aire Sellado"
"__export__.product_category_731","Industrias Donsson / Filtros / Baldwin / Importado / Combustible"
"__export__.product_category_732","Industrias Donsson / Filtros / Baldwin / Importado / Combustible / Baldwin Combustible Elemento"
"__export__.product_category_733","Industrias Donsson / Filtros / Baldwin / Importado / Combustible / Baldwin Combustible Otros"
"__export__.product_category_734","Industrias Donsson / Filtros / Baldwin / Importado / Combustible / Baldwin Combustible Sellado"
"__export__.product_category_735","Industrias Donsson / Filtros / Baldwin / Importado / Enfriamiento"
"__export__.product_category_736","Industrias Donsson / Filtros / Baldwin / Importado / Enfriamiento / Baldwin Enfriamiento Otros"
"__export__.product_category_737","Industrias Donsson / Filtros / Baldwin / Importado / Enfriamiento / Baldwin Enfriamiento Sellado"
"__export__.product_category_738","Industrias Donsson / Filtros / Baldwin / Importado / Hidráulico "
"__export__.product_category_740","Industrias Donsson / Filtros / Baldwin / Importado / Hidráulico  / Baldwin Hidráulico Elemento "
"__export__.product_category_739","Industrias Donsson / Filtros / Baldwin / Importado / Hidráulico  / Baldwin Hidráulico Otros "
"__export__.product_category_741","Industrias Donsson / Filtros / Baldwin / Importado / Hidráulico  / Baldwin Hidráulico Sellado "
"__export__.product_category_1064","Industrias Donsson / Filtros / Donsson"
"__export__.product_category_1070","Industrias Donsson / Filtros / Donsson / Importado"
"__export__.product_category_1071","Industrias Donsson / Filtros / Donsson / Importado / Aire"
"__export__.product_category_1092","Industrias Donsson / Filtros / Donsson / Importado / Aire / Donsson Aire Cuadrado"
"__export__.product_category_1084","Industrias Donsson / Filtros / Donsson / Importado / Aire / Donsson Aire Redondo"
"__export__.product_category_1061","Industrias Donsson / Filtros / Donsson / Importado / Aire / Donsson Canal de Flujo"
"__export__.product_category_710","Industrias Donsson / Filtros / Donsson / Manufacturado"
"__export__.product_category_711","Industrias Donsson / Filtros / Donsson / Manufacturado / Aire"
"__export__.product_category_712","Industrias Donsson / Filtros / Donsson / Manufacturado / Aire / Donsson Aire Cuadrado"
"__export__.product_category_713","Industrias Donsson / Filtros / Donsson / Manufacturado / Aire / Donsson Aire Elemento Axial"
"__export__.product_category_714","Industrias Donsson / Filtros / Donsson / Manufacturado / Aire / Donsson Aire Elemento Radial"
"__export__.product_category_715","Industrias Donsson / Filtros / Donsson / Manufacturado / Aire / Donsson Aire Otros"
"__export__.product_category_716","Industrias Donsson / Filtros / Donsson / Manufacturado / Aire / Donsson Aire Redondo"
"__export__.product_category_1102","Industrias Donsson / Filtros / Donsson / Manufacturado / Aire / Donsson Canal de Flujo"
"__export__.product_category_742","Industrias Donsson / Filtros / Local"
"__export__.product_category_745","Industrias Donsson / Filtros / Local / Aceite"
"__export__.product_category_1003_1","Industrias Donsson / Filtros / Local / Aceite / Franig Aceite Elemento"
"__export__.product_category_1041","Industrias Donsson / Filtros / Local / Aceite / Cummins Aceite Sellado"
"__export__.product_category_795","Industrias Donsson / Filtros / Local / Aceite / Esp Aceite Elemento"
"__export__.product_category_796","Industrias Donsson / Filtros / Local / Aceite / Esp Aceite Sellado"
"__export__.product_category_760","Industrias Donsson / Filtros / Local / Aceite / Eurofil Aceite Elemento"
"__export__.product_category_909","Industrias Donsson / Filtros / Local / Aceite / Filcenter Aceite Elemento"
"__export__.product_category_904","Industrias Donsson / Filtros / Local / Aceite / Franig Aceite Sellado"
"__export__.product_category_878","Industrias Donsson / Filtros / Local / Aceite / Gforce Aceite Sellado"
"__export__.product_category_755","Industrias Donsson / Filtros / Local / Aceite / Icofil Aceite Otros"
"__export__.product_category_756","Industrias Donsson / Filtros / Local / Aceite / Icofil Aceite Sellado"
"__export__.product_category_1002_1","Industrias Donsson / Filtros / Local / Aceite / Niponautos Aceite Sellado"
"__export__.product_category_767","Industrias Donsson / Filtros / Local / Aceite / Interfil Aceite Elemento"
"__export__.product_category_768","Industrias Donsson / Filtros / Local / Aceite / Interfil Aceite Sellado"
"__export__.product_category_943","Industrias Donsson / Filtros / Local / Aceite / Ivor Aceite Elemento"
"__export__.product_category_746","Industrias Donsson / Filtros / Local / Aceite / Lualme Aceite Elemento"
"__export__.product_category_749","Industrias Donsson / Filtros / Local / Aceite / Master Aceite Elemento"
"__export__.product_category_750","Industrias Donsson / Filtros / Local / Aceite / Master Aceite Sellado"
"__export__.product_category_775","Industrias Donsson / Filtros / Local / Aceite / Niponautos Aceite Elemento"
"__export__.product_category_821","Industrias Donsson / Filtros / Local / Aceite / Occidental Aceite Elemento"
"__export__.product_category_822","Industrias Donsson / Filtros / Local / Aceite / Occidental Aceite Sellado"
"__export__.product_category_889","Industrias Donsson / Filtros / Local / Aceite / Otros Aceite"
"__export__.product_category_890","Industrias Donsson / Filtros / Local / Aceite / Otros Aceite Elemento"
"__export__.product_category_894","Industrias Donsson / Filtros / Local / Aceite / Otros Aceite Sellado"
"__export__.product_category_902","Industrias Donsson / Filtros / Local / Aceite / Powel Aceite Sellado"
"__export__.product_category_781","Industrias Donsson / Filtros / Local / Aceite / Premium Aceite Elemento"
"__export__.product_category_782","Industrias Donsson / Filtros / Local / Aceite / Premium Aceite Sellado"
"__export__.product_category_802","Industrias Donsson / Filtros / Local / Aceite / Propartes Aceite Elemento"
"__export__.product_category_803","Industrias Donsson / Filtros / Local / Aceite / Propartes Aceite Sellado"
"__export__.product_category_1112","Industrias Donsson / Filtros / Local / Aceite / Rativa Aceite Sellado"
"__export__.product_category_1036","Industrias Donsson / Filtros / Local / Aceite / Stewart aceite sellado"
"__export__.product_category_814","Industrias Donsson / Filtros / Local / Aceite / Superfilt Aceite Elemento"
"__export__.product_category_929","Industrias Donsson / Filtros / Local / Aceite / Tecneco Aceite Elemento"
"__export__.product_category_831","Industrias Donsson / Filtros / Local / Aceite / Tecnifilt Aceite Elemento"
"__export__.product_category_1035","Industrias Donsson / Filtros / Local / Aceite / Texim Aceite Elemento"
"__export__.product_category_1046","Industrias Donsson / Filtros / Local / Aceite / Texim Combustible sellado"
"__export__.product_category_762","Industrias Donsson / Filtros / Local / Aceite / Zarofil Aceite Elemento"
"__export__.product_category_743","Industrias Donsson / Filtros / Local / Aire"
"__export__.product_category_936","Industrias Donsson / Filtros / Local / Aire / Avante Aire Elemento Axial"
"__export__.product_category_946","Industrias Donsson / Filtros / Local / Aire / Capital filters Aire Cuadrado"
"__export__.product_category_1085","Industrias Donsson / Filtros / Local / Aire / Cummins Aire"
"__export__.product_category_744","Industrias Donsson / Filtros / Local / Aire / Drant Aire Redondo"
"__export__.product_category_797","Industrias Donsson / Filtros / Local / Aire / Esp Aire Cuadrado"
"__export__.product_category_798","Industrias Donsson / Filtros / Local / Aire / Esp Aire Redondo"
"__export__.product_category_761","Industrias Donsson / Filtros / Local / Aire / Eurofil Aire Cuadrado"
"__export__.product_category_923","Industrias Donsson / Filtros / Local / Aire / Filcenter Aire Cuadrado"
"__export__.product_category_908_1","Industrias Donsson / Filtros / Local / Aire / Filcenter Aire Cuadrado"
"__export__.product_category_907","Industrias Donsson / Filtros / Local / Aire / Filcenter Aire Redondo"
"__export__.product_category_922_1","Industrias Donsson / Filtros / Local / Aire / Filcenter Aire Redondo"
"__export__.product_category_921","Industrias Donsson / Filtros / Local / Aire / Filtrek Otros"
"__export__.product_category_1088","Industrias Donsson / Filtros / Local / Aire / Franig Aire Cuadrado"
"__export__.product_category_757","Industrias Donsson / Filtros / Local / Aire / Icofil Aire Elemento Radial"
"__export__.product_category_758","Industrias Donsson / Filtros / Local / Aire / Icofil Aire Redondo"
"__export__.product_category_769","Industrias Donsson / Filtros / Local / Aire / Interfil Aire Cuadrado"
"__export__.product_category_770","Industrias Donsson / Filtros / Local / Aire / Interfil Aire Redondo"
"__export__.product_category_933","Industrias Donsson / Filtros / Local / Aire / Lamaos Aire Canal de Flujo"
"__export__.product_category_934","Industrias Donsson / Filtros / Local / Aire / Lamaos Aire Redondo"
"__export__.product_category_747","Industrias Donsson / Filtros / Local / Aire / Lualme Aire Cuadrado"
"__export__.product_category_748","Industrias Donsson / Filtros / Local / Aire / Lualme Aire Redondo"
"__export__.product_category_751","Industrias Donsson / Filtros / Local / Aire / Master Aire Elemento Axial"
"__export__.product_category_752","Industrias Donsson / Filtros / Local / Aire / Master Aire Redondo"
"__export__.product_category_905","Industrias Donsson / Filtros / Local / Aire / Motovalle Aire Cuadrado"
"__export__.product_category_778","Industrias Donsson / Filtros / Local / Aire / Niponautos Aire Redondo"
"__export__.product_category_776","Industrias Donsson / Filtros / Local / Aire / Niponautos Aire Cuadrado"
"__export__.product_category_777","Industrias Donsson / Filtros / Local / Aire / Niponautos Aire Elemento Radial"
"__export__.product_category_823","Industrias Donsson / Filtros / Local / Aire / Occidental Aire Cuadrado"
"__export__.product_category_824","Industrias Donsson / Filtros / Local / Aire / Occidental Aire Redondo"
"__export__.product_category_895","Industrias Donsson / Filtros / Local / Aire / Otros Aire Cuadrado"
"__export__.product_category_896","Industrias Donsson / Filtros / Local / Aire / Otros Aire Elemento Axial"
"__export__.product_category_897","Industrias Donsson / Filtros / Local / Aire / Otros Aire Elemento Radial"
"__export__.product_category_898","Industrias Donsson / Filtros / Local / Aire / Otros Aire Redondo"
"__export__.product_category_783","Industrias Donsson / Filtros / Local / Aire / Premium Aire Cuadrado"
"__export__.product_category_784","Industrias Donsson / Filtros / Local / Aire / Premium Aire Elemento Radial"
"__export__.product_category_785","Industrias Donsson / Filtros / Local / Aire / Premium Aire Redondo"
"__export__.product_category_804","Industrias Donsson / Filtros / Local / Aire / Propartes Aire Cuadrado"
"__export__.product_category_805","Industrias Donsson / Filtros / Local / Aire / Propartes Aire Redondo"
"__export__.product_category_948","Industrias Donsson / Filtros / Local / Aire / Socorepuestos Aire Redondo"
"__export__.product_category_927","Industrias Donsson / Filtros / Local / Aire / Stewart Aire Canal de Flujo"
"__export__.product_category_1043","Industrias Donsson / Filtros / Local / Aire / Stewart Aire Elemento Radial"
"__export__.product_category_815","Industrias Donsson / Filtros / Local / Aire / Superfilt Aire Cuadrado"
"__export__.product_category_816","Industrias Donsson / Filtros / Local / Aire / Superfilt Aire Elemento Axial"
"__export__.product_category_817","Industrias Donsson / Filtros / Local / Aire / Superfilt Aire Elemento Radial"
"__export__.product_category_818","Industrias Donsson / Filtros / Local / Aire / Superfilt Aire Redondo"
"__export__.product_category_1096","Industrias Donsson / Filtros / Local / Aire / Swisslub Aire Cuadrado"
"__export__.product_category_928","Industrias Donsson / Filtros / Local / Aire / Tecneco Aire Cuadrado"
"__export__.product_category_832","Industrias Donsson / Filtros / Local / Aire / Tecnifil Aire Cuadrado"
"__export__.product_category_833","Industrias Donsson / Filtros / Local / Aire / Tecnifil Aire Redondo"
"__export__.product_category_939","Industrias Donsson / Filtros / Local / Aire / Texim Aire Cuadrado"
"__export__.product_category_1033","Industrias Donsson / Filtros / Local / Aire / Texim Aire Cuadrado"
"__export__.product_category_1037","Industrias Donsson / Filtros / Local / Aire / Texim Aire Redondo"
"__export__.product_category_763","Industrias Donsson / Filtros / Local / Aire / Zarofil Aire Redondo"
"__export__.product_category_753","Industrias Donsson / Filtros / Local / Combustible"
"__export__.product_category_1001_1","Industrias Donsson / Filtros / Local / Combustible / Franig Combustible Elemento"
"__export__.product_category_1126","Industrias Donsson / Filtros / Local / Combustible / Auto Belt Combustible Sellado"
"__export__.product_category_937","Industrias Donsson / Filtros / Local / Combustible / Avante Combustible Otros"
"__export__.product_category_935","Industrias Donsson / Filtros / Local / Combustible / Avante Combustible Sellado"
"__export__.product_category_951","Industrias Donsson / Filtros / Local / Combustible / Cummins Combustible Otros"
"__export__.product_category_950","Industrias Donsson / Filtros / Local / Combustible / Cummins Combustible Sellado"
"__export__.product_category_918","Industrias Donsson / Filtros / Local / Combustible / Diesel y Turbo Combustible Elemento"
"__export__.product_category_1134","Industrias Donsson / Filtros / Local / Combustible / Dinissan combustible sellado"
"__export__.product_category_799","Industrias Donsson / Filtros / Local / Combustible / Esp Combustible Elemento"
"__export__.product_category_800","Industrias Donsson / Filtros / Local / Combustible / Esp Combustible Otros"
"__export__.product_category_801","Industrias Donsson / Filtros / Local / Combustible / Esp Combustible Sellado"
"__export__.product_category_910","Industrias Donsson / Filtros / Local / Combustible / Filcenter Combustible Elemento"
"__export__.product_category_924_1","Industrias Donsson / Filtros / Local / Combustible / Filcenter Combustible Elemento"
"__export__.product_category_903","Industrias Donsson / Filtros / Local / Combustible / Franig Combustible Sellado"
"__export__.product_category_932","Industrias Donsson / Filtros / Local / Combustible / Gecolsa Combustible Sellado"
"__export__.product_category_880","Industrias Donsson / Filtros / Local / Combustible / Gforce Combustible Elemento"
"__export__.product_category_879","Industrias Donsson / Filtros / Local / Combustible / Gforce Combustible Sellado"
"__export__.product_category_759","Industrias Donsson / Filtros / Local / Combustible / Icofil Combustible Sellado"
"__export__.product_category_919","Industrias Donsson / Filtros / Local / Combustible / Interdiesel Combustible Elemento"
"__export__.product_category_920","Industrias Donsson / Filtros / Local / Combustible / Interdiesel Combustible Otros"
"__export__.product_category_771","Industrias Donsson / Filtros / Local / Combustible / Interfil Combustible Elemento"
"__export__.product_category_772","Industrias Donsson / Filtros / Local / Combustible / Interfil Combustible Sellado"
"__export__.product_category_944","Industrias Donsson / Filtros / Local / Combustible / Itec Combustible Otros"
"__export__.product_category_945","Industrias Donsson / Filtros / Local / Combustible / Itec Combustible Sellado"
"__export__.product_category_942","Industrias Donsson / Filtros / Local / Combustible / Ivor Combustible Elemento"
"__export__.product_category_954","Industrias Donsson / Filtros / Local / Combustible / Lualme Combustible Elemento"
"__export__.product_category_947","Industrias Donsson / Filtros / Local / Combustible / Macrofiltracion Combustible Elemento"
"__export__.product_category_754","Industrias Donsson / Filtros / Local / Combustible / Master Combustible Sellado"
"__export__.product_category_940","Industrias Donsson / Filtros / Local / Combustible / Montecarlo Combustible Elemento"
"__export__.product_category_906","Industrias Donsson / Filtros / Local / Combustible / Motovalle Combustible Elemento"
"__export__.product_category_779","Industrias Donsson / Filtros / Local / Combustible / Niponauto Combustible Elemento"
"__export__.product_category_780","Industrias Donsson / Filtros / Local / Combustible / Niponautos Combustible Sellado"
"__export__.product_category_825","Industrias Donsson / Filtros / Local / Combustible / Occidental Combustible Elemento"
"__export__.product_category_899","Industrias Donsson / Filtros / Local / Combustible / Otros Combustible"
"__export__.product_category_900","Industrias Donsson / Filtros / Local / Combustible / Otros Combustible Elemento"
"__export__.product_category_786","Industrias Donsson / Filtros / Local / Combustible / Premium Combustible Elemento"
"__export__.product_category_787","Industrias Donsson / Filtros / Local / Combustible / Premium Combustible Otros"
"__export__.product_category_788","Industrias Donsson / Filtros / Local / Combustible / Premium Combustible Sellado"
"__export__.product_category_806","Industrias Donsson / Filtros / Local / Combustible / Propartes Combustible Elemento"
"__export__.product_category_807","Industrias Donsson / Filtros / Local / Combustible / Propartes Combustible Sellado"
"__export__.product_category_1113","Industrias Donsson / Filtros / Local / Combustible / Rativa Combustible Sellado"
"__export__.product_category_949","Industrias Donsson / Filtros / Local / Combustible / Socorepuestos Combustible Sellado"
"__export__.product_category_819","Industrias Donsson / Filtros / Local / Combustible / Superfil Combustible Elemento "
"__export__.product_category_1128","Industrias Donsson / Filtros / Local / Combustible / Swisslub Combustible Elemento"
"__export__.product_category_1129","Industrias Donsson / Filtros / Local / Combustible / Swisslub Combustible Sellado"
"__export__.product_category_930","Industrias Donsson / Filtros / Local / Combustible / Tecneco Combustible Sellado"
"__export__.product_category_834","Industrias Donsson / Filtros / Local / Combustible / Tecnifil Combustible Elemento"
"__export__.product_category_1034","Industrias Donsson / Filtros / Local / Combustible / Texim Combustible Elemento"
"__export__.product_category_764","Industrias Donsson / Filtros / Local / Combustible / Zarofil Combustible Elemento"
"__export__.product_category_1110","Industrias Donsson / Filtros / Local / Enfriamiento"
"__export__.product_category_1111","Industrias Donsson / Filtros / Local / Enfriamiento / Cummins Enfriamiento Sellado"
"__export__.product_category_773","Industrias Donsson / Filtros / Local / Enfriamiento"
"__export__.product_category_774","Industrias Donsson / Filtros / Local / Enfriamiento / Interfil Enfriamiento Sellado"
"__export__.product_category_765","Industrias Donsson / Filtros / Local / Hidráulico "
"__export__.product_category_938","Industrias Donsson / Filtros / Local / Hidráulico  / Avante Hidráulico Elemento"
"__export__.product_category_952","Industrias Donsson / Filtros / Local / Hidráulico  / Cummins Hidráulico Elemento"
"__export__.product_category_931","Industrias Donsson / Filtros / Local / Hidráulico  / Gecolsa Hidráulico Elemento"
"__export__.product_category_1059","Industrias Donsson / Filtros / Local / Hidráulico  / ITECO HIDRAULICO ELEMENTO"
"__export__.product_category_901","Industrias Donsson / Filtros / Local / Hidráulico  / Otros Hidráulico Elemento"
"__export__.product_category_820","Industrias Donsson / Filtros / Local / Hidráulico  / Superfilt Hidráulico Elemento "
"__export__.product_category_835","Industrias Donsson / Filtros / Local / Hidráulico  / Tecnifil Hidráulico Elemento "
"__export__.product_category_766","Industrias Donsson / Filtros / Local / Hidráulico  / Zarofil Hidráulico Elemento "
"__export__.product_category_1072","Industrias Donsson / Filtros / Oblan"
"__export__.product_category_1073","Industrias Donsson / Filtros / Oblan / Importado"
"__export__.product_category_1074","Industrias Donsson / Filtros / Oblan / Importado / Aire"
"__export__.product_category_808","Industrias Donsson / Filtros / Oblan / Importado / Aire / Oblan Carcasa"
"__export__.product_category_809","Industrias Donsson / Filtros / Oblan / Importado / Aire / Oblan Otros"
"__export__.product_category_810","Industrias Donsson / Filtros / Oblan / Importado / Aire / Oblan Prefiltros"
"__export__.product_category_1075","Industrias Donsson / Filtros / Racor"
"__export__.product_category_1076","Industrias Donsson / Filtros / Racor / Importado"
"__export__.product_category_1100","Industrias Donsson / Filtros / Racor / Importado / Aceite"
"__export__.product_category_1130","Industrias Donsson / Filtros / Racor / Importado / Aceite / Racor Brasil Aceite Elemento"
"__export__.product_category_1101","Industrias Donsson / Filtros / Racor / Importado / Aceite / Racor Brasil Aceite Sellado"
"__export__.product_category_1077","Industrias Donsson / Filtros / Racor / Importado / Aire"
"__export__.product_category_1060","Industrias Donsson / Filtros / Racor / Importado / Aire / Racor USA Aire Elemento"
"__export__.product_category_1079","Industrias Donsson / Filtros / Racor / Importado / Combustible"
"__export__.product_category_1049","Industrias Donsson / Filtros / Racor / Importado / Combustible / Racor Brasil Combustible Conjunto Separador"
"__export__.product_category_1039","Industrias Donsson / Filtros / Racor / Importado / Combustible / Racor Brasil Combustible Elemento"
"__export__.product_category_1040","Industrias Donsson / Filtros / Racor / Importado / Combustible / Racor Brasil Combustible Sellado"
"__export__.product_category_1030","Industrias Donsson / Filtros / Racor / Importado / Combustible / Racor Brasil Combustible Otros"
"__export__.product_category_1029","Industrias Donsson / Filtros / Racor / Importado / Combustible / Racor USA Combustible Sellado"
"__export__.product_category_1051","Industrias Donsson / Filtros / Racor / Importado / Combustible / Racor USA Combustible Conjunto Separador "
"__export__.product_category_1050","Industrias Donsson / Filtros / Racor / Importado / Combustible / Racor USA Combustible elemento"
"__export__.product_category_1052","Industrias Donsson / Filtros / Racor / Importado / Combustible / Racor USA Combustible Otros"
"__export__.product_category_1083","Industrias Donsson / Filtros / Racor / Importado / Hidráulico"
"__export__.product_category_1044","Industrias Donsson / Filtros / Racor / Importado / Racor Brasil Hidraulico Elemento"
"__export__.product_category_1080","Industrias Donsson / Filtros / Rama"
"__export__.product_category_1081","Industrias Donsson / Filtros / Rama / Importado"
"__export__.product_category_1082","Industrias Donsson / Filtros / Rama / Importado / Combustible"
"__export__.product_category_811","Industrias Donsson / Filtros / Rama / Importado / Combustible / Rama Combustible Elemento"
"__export__.product_category_812","Industrias Donsson / Filtros / Rama / Importado / Combustible / Rama Combustible Otros"
"__export__.product_category_813","Industrias Donsson / Filtros / Rama / Importado / Combustible / Rama Combustible Sellado"
"__export__.product_category_1136","Industrias Donsson / FLETES"
"__export__.product_category_967","Industrias Donsson / GASTOS"
"__export__.product_category_971","Industrias Donsson / GASTOS / GASTOS LEGALES"
"__export__.product_category_973","Industrias Donsson / GASTOS / MANTENIMIENTO"
"__export__.product_category_1119","Industrias Donsson / ADMINISTRATIVO - Intereses de mora"
"__export__.product_category_1006","Industrias Donsson / Material Promocional"
"__export__.product_category_836","Industrias Donsson / Materia Prima"
"__export__.product_category_855","Industrias Donsson / Materia Prima / Importado"
"__export__.product_category_856","Industrias Donsson / Materia Prima / Importado / Corte"
"__export__.product_category_1105","Industrias Donsson / Materia Prima / Importado / Corte / C AND M CINTA ENTUBADORA"
"__export__.product_category_1054","Industrias Donsson / Materia Prima / Importado / Corte / C AND M MALLA EXPANDIDA"
"__export__.product_category_857","Industrias Donsson / Materia Prima / Importado / Corte / Ladesa Malla Expandida"
"__export__.product_category_1132","Industrias Donsson / Materia Prima / Importado / Emabalaje"
"__export__.product_category_1133","Industrias Donsson / Materia Prima / Importado / Emabalaje / C AND M Hotmelt"
"__export__.product_category_877","Industrias Donsson / Materia Prima / Importado / Plisado"
"__export__.product_category_985","Industrias Donsson / Materia Prima / Importado / Plisado / Clean & Science Papel"
"__export__.product_category_1038","Industrias Donsson / Materia Prima / Importado / Plisado / AHLSTROM "
"__export__.product_category_863","Industrias Donsson / Materia Prima / Importado / Plisado / C and M industrial Supply"
"__export__.product_category_1093","Industrias Donsson / Materia Prima / Importado / Inyeccion"
"__export__.product_category_1131","Industrias Donsson / Materia Prima / Importado / Inyeccion / C AND M ISOCIANATO"
"__export__.product_category_1094","Industrias Donsson / Materia Prima / Importado / Inyeccion / C AND M POLIOL"
"__export__.product_category_1121","Industrias Donsson / Materia Prima / Importado / Tapa Metalica"
"__export__.product_category_1120","Industrias Donsson / Materia Prima / Importado / Tapa Metalica / C and M Tapa Metalica"
"__export__.product_category_1107","Industrias Donsson / Materia Prima / Importado / Tapa Plastica"
"__export__.product_category_1108","Industrias Donsson / Materia Prima / Importado / Tapa Plastica / C and M Tapa plastica"
"__export__.product_category_837","Industrias Donsson / Materia Prima / Local"
"__export__.product_category_986","Industrias Donsson / Materia Prima / Local / Embalaje"
"__export__.product_category_1032","Industrias Donsson / Materia Prima / Local / Embalaje / JOGLOSMY TAPA PLASTICA"
"__export__.product_category_852","Industrias Donsson / Materia Prima / Local / Corte"
"__export__.product_category_859","Industrias Donsson / Materia Prima / Local / Corte / Andina Malla Plastica"
"__export__.product_category_853","Industrias Donsson / Materia Prima / Local / Corte / Colmallas Malla Expandida"
"__export__.product_category_854","Industrias Donsson / Materia Prima / Local / Corte / Gral Malla Expandida"
"__export__.product_category_858","Industrias Donsson / Materia Prima / Local / Corte / Hierros Lamina"
"__export__.product_category_1091","Industrias Donsson / Materia Prima / Local / Corte / Manufacturado"
"__export__.product_category_1063","Industrias Donsson / Materia Prima / Local / Corte / Servicio Corte de Malla"
"__export__.product_category_867","Industrias Donsson / Materia Prima / Local / Corte / Termoplas Poliestileno"
"__export__.product_category_838","Industrias Donsson / Materia Prima / Local / Embalaje"
"__export__.product_category_989","Industrias Donsson / Materia Prima / Local / Embalaje / Consumible"
"__export__.product_category_844","Industrias Donsson / Materia Prima / Local / Embalaje / Cartones America Caja"
"__export__.product_category_839","Industrias Donsson / Materia Prima / Local / Embalaje / Empafilter Anillo"
"__export__.product_category_840","Industrias Donsson / Materia Prima / Local / Embalaje / Empafilter Arandela "
"__export__.product_category_846","Industrias Donsson / Materia Prima / Local / Embalaje / Empafilter Empaque"
"__export__.product_category_850","Industrias Donsson / Materia Prima / Local / Embalaje / Incap Pegante"
"__export__.product_category_849","Industrias Donsson / Materia Prima / Local / Embalaje / Incap"
"__export__.product_category_845","Industrias Donsson / Materia Prima / Local / Embalaje / Joglosmy Corona"
"__export__.product_category_1099","Industrias Donsson / Materia Prima / Local / Embalaje / Jowat Hotmelt"
"__export__.product_category_843","Industrias Donsson / Materia Prima / Local / Embalaje / Lacorpack Caja"
"__export__.product_category_842","Industrias Donsson / Materia Prima / Local / Embalaje / Otros Caja"
"__export__.product_category_847","Industrias Donsson / Materia Prima / Local / Embalaje / Otros Corona"
"__export__.product_category_841","Industrias Donsson / Materia Prima / Local / Embalaje / Petrolene Bolsa Plastica"
"__export__.product_category_848","Industrias Donsson / Materia Prima / Local / Embalaje / Spinq Hotmelt"
"__export__.product_category_851","Industrias Donsson / Materia Prima / Local / Embalaje / Universal Empaque"
"__export__.product_category_869_1","Industrias Donsson / Materia Prima / Local / Externos"
"__export__.product_category_994","Industrias Donsson / Materia Prima / Local / Externos / Costura"
"__export__.product_category_993","Industrias Donsson / Materia Prima / Local / Externos / Otros Tapas"
"__export__.product_category_875","Industrias Donsson / Materia Prima / Local / Externos / Ingezinc Zincado"
"__export__.product_category_870","Industrias Donsson / Materia Prima / Local / Externos / Otros Doblado"
"__export__.product_category_871","Industrias Donsson / Materia Prima / Local / Externos / Otros Flanche"
"__export__.product_category_1048","Industrias Donsson / Materia Prima / Local / Externos / otros Pintura Carcasa"
"__export__.product_category_872","Industrias Donsson / Materia Prima / Local / Externos / Otros Soldadura"
"__export__.product_category_873","Industrias Donsson / Materia Prima / Local / Externos / Otros Tapas"
"__export__.product_category_876","Industrias Donsson / Materia Prima / Local / Externos / Otros Troquelado"
"__export__.product_category_874","Industrias Donsson / Materia Prima / Local / Externos / Tgi Tornillo"
"__export__.product_category_1005_1","Industrias Donsson / Materia Prima / Local / Imprometal Tapas"
"__export__.product_category_864","Industrias Donsson / Materia Prima / Local / Inyeccion"
"__export__.product_category_868","Industrias Donsson / Materia Prima / Local / Inyeccion / Cimpa Cloruro"
"__export__.product_category_1026","Industrias Donsson / Materia Prima / Local / Inyeccion / Lumos Isocianato"
"__export__.product_category_1027","Industrias Donsson / Materia Prima / Local / Inyeccion / Lumos Poliol"
"__export__.product_category_866","Industrias Donsson / Materia Prima / Local / Inyeccion / Olaflex Isocianato"
"__export__.product_category_865","Industrias Donsson / Materia Prima / Local / Inyeccion / Olaflex Poliol"
"__export__.product_category_860","Industrias Donsson / Materia Prima / Local / Plisado"
"__export__.product_category_991","Industrias Donsson / Materia Prima / Local / Plisado / Niver"
"__export__.product_category_1127","Industrias Donsson / Materia Prima / Local / Plisado / Esp Filters"
"__export__.product_category_992","Industrias Donsson / Materia Prima / Local / Plisado / Incap"
"__export__.product_category_861","Industrias Donsson / Materia Prima / Local / Plisado / J & M textil Entretela"
"__export__.product_category_862","Industrias Donsson / Materia Prima / Local / Plisado / Polimeros y Derivados Papel"
"__export__.product_category_1117","Industrias Donsson / MUESTRA COMERCIAL"
"__export__.product_category_881","Industrias Donsson / Refrigerante"
"__export__.product_category_882","Industrias Donsson / Refrigerante / Local"
"__export__.product_category_883","Industrias Donsson / Refrigerante / Local / Enfriamiento"
"__export__.product_category_1106","Industrias Donsson / Refrigerante / Local / Enfriamiento / Hidrotecnik"
"__export__.product_category_884","Industrias Donsson / Refrigerante / Local / Enfriamiento / Tekquimica"
"__export__.product_category_1124","Industrias Donsson / ADMINISTRATIVO - REINT. OTROS COSTOS Y GASTOS"
"__export__.product_category_999","Industrias Donsson / ADMINISTRATIVO - Residuos Solidos"
"__export__.product_category_955","Industrias Donsson / Servicios Cambio de Aceite"
"__export__.product_category_965","Industrias Donsson / Servicios Cambio de Aceite / Gastos de Ventas"
"__export__.product_category_966","Industrias Donsson / Servicios Cambio de Aceite / Gastos de Producción"
"__export__.product_category_956","Industrias Donsson / Servicios Cambio de Aceite / Gastos Administrativos"
"__export__.product_category_960","Industrias Donsson / Servicios Cambio de Aceite / Cambio de Aceite"
"__export__.product_category_1047","Industrias Donsson / ADMINISTRATIVO - VENTA ACTIVOS FIJOS"
"__export__.product_category_1118","Industrias Donsson / VENTA SERVICIOS"
"__export__.product_category_964","Servicios de Venta"
"__export__.product_category_968","SERVICIOS COMPRAS"
"__export__.product_category_1116","SERVICIOS COMPRAS / ASEO"
"__export__.product_category_1115","SERVICIOS COMPRAS / CAFETERIA"
"__export__.product_category_1114","SERVICIOS COMPRAS / PAPELERIA"
"__export__.product_category_969","SERVICIOS COMPRAS / ADMINISTRATIVO - OTROS SERVICIOS"
"__export__.product_category_972","MANTENIMIENTO"
"__export__.product_category_979","Industrias Donsson / Consumibles / EPPS"
"__export__.product_category_983","Industrias Donsson / Materia Prima / Local / Inyeccion / Olaflex o"
"__export__.product_category_984","Industrias Donsson / Materia Prima / Local / Inyeccion / Olaflex otros"
"__export__.product_category_978","ADMINISTRATIVO - Elementos de Mercadeo"
"__export__.product_category_1003","Franig Aceite Elemento"
"__export__.product_category_908","Filcenter Aire Cuadrado"
"__export__.product_category_922","Filcenter Aire Redondo"
"__export__.product_category_1001","Franig Combustible Elemento"
"__export__.product_category_924","Filcenter Combustible Elemento"
"__export__.product_category_869","Externos"
"__export__.product_category_1005","Imprometal Tapas"
"__export__.product_category_1002","Niponautos Aceite Sellado"
"__export__.product_category_1025","COSTOS DE PRODUCCION"
"__export__.product_category_1028","racor"
"__export__.product_category_1042","STEWART CARCA"
"hr_expense.cat_expense","Gastos"
